station_id,station_name,year,month,date,highest_high_water_level,highest_astronomical_tide,mean_high_water_level,mean_tide_level,mean_low_water_level,lowest_astronomical_tide,lowest_low_water_level,mean_tidal_range,max_astronomical_tidal_range,mean_high_water_of_spring_tide,mean_low_water_of_spring_tide,hhw_minus_hat
1156,萡子寮潮位站,2006,1,2006-01-01,1.606,1.766,1.204,-0.092,-1.409,-1.104,-1.86,2.613,2.87,1.457,-0.839,-0.15999999999999992
1156,萡子寮潮位站,2006,2,2006-02-01,1.711,1.819,1.225,-0.034,-1.265,-1.091,-1.705,2.491,2.91,1.443,-0.789,-0.10799999999999987
1156,萡子寮潮位站,2006,3,2006-03-01,1.65,1.869,1.183,-0.067,-1.285,-1.017,-1.736,2.468,2.886,1.47,-0.75,-0.21900000000000008
1156,萡子寮潮位站,2006,4,2006-04-01,1.573,1.779,1.213,0.054,-1.167,-0.908,-1.488,2.379,2.687,1.452,-0.706,-0.20599999999999996
1156,萡子寮潮位站,2006,5,2006-05-01,1.608,1.719,1.258,0.093,-1.166,-0.916,-1.567,2.424,2.635,1.478,-0.715,-0.11099999999999999
1156,萡子寮潮位站,2006,6,2006-06-01,1.439,1.721,1.27,0.131,-1.11,-0.917,-1.38,2.38,2.638,1.561,-0.745,-0.28200000000000003
1156,萡子寮潮位站,2006,7,2006-07-01,1.966,1.894,1.371,0.175,-1.103,-0.99,-1.517,2.475,2.884,1.641,-0.728,0.07200000000000006
1156,萡子寮潮位站,2006,8,2006-08-01,1.854,2.057,1.372,0.176,-1.075,-0.951,-1.465,2.446,3.008,1.68,-0.672,-0.20299999999999985
1156,萡子寮潮位站,2006,9,2006-09-01,1.962,2.11,1.406,0.151,-1.132,-0.837,-1.364,2.538,2.947,1.666,-0.653,-0.1479999999999999
1156,萡子寮潮位站,2006,10,2006-10-01,1.824,2.027,1.324,0.127,-1.155,-0.836,-1.47,2.479,2.863,1.583,-0.669,-0.20300000000000007
1156,萡子寮潮位站,2006,11,2006-11-01,1.659,1.85,1.267,0.063,-1.273,-0.887,-1.658,2.541,2.737,1.519,-0.722,-0.19100000000000006
1156,萡子寮潮位站,2006,12,2006-12-01,1.526,1.703,1.253,-0.012,-1.31,-0.942,-1.709,2.563,2.645,1.486,-0.786,-0.17700000000000005
1156,萡子寮潮位站,2007,1,2007-01-01,1.521,1.793,1.105,-0.16,-1.441,-1.057,-1.708,2.546,2.85,1.453,-0.821,-0.272
1156,萡子寮潮位站,2007,2,2007-02-01,1.568,1.902,1.076,-0.116,-1.33,-1.04,-1.759,2.406,2.942,1.445,-0.793,-0.33399999999999985
1156,萡子寮潮位站,2007,3,2007-03-01,1.716,1.915,1.226,0.023,-1.168,-0.971,-1.555,2.394,2.886,1.43,-0.748,-0.19900000000000007
1156,萡子寮潮位站,2007,4,2007-04-01,1.737,1.84,1.192,0.003,-1.203,-0.949,-1.663,2.395,2.789,1.444,-0.691,-0.10299999999999998
1156,萡子寮潮位站,2007,5,2007-05-01,1.461,1.777,1.148,0.047,-1.171,-0.942,-1.566,2.318,2.719,1.48,-0.7,-0.31599999999999984
1156,萡子寮潮位站,2007,6,2007-06-01,1.495,1.753,1.199,0.091,-1.134,-0.94,-1.514,2.333,2.693,1.56,-0.727,-0.2579999999999998
1156,萡子寮潮位站,2007,7,2007-07-01,1.577,1.926,1.261,0.115,-1.16,-0.919,-1.459,2.421,2.845,1.66,-0.737,-0.349
1156,萡子寮潮位站,2007,8,2007-08-01,1.713,2.109,1.458,0.247,-1.023,-0.891,-1.342,2.48,3.0,1.72,-0.698,-0.3959999999999999
1156,萡子寮潮位站,2007,9,2007-09-01,1.781,2.101,1.415,0.202,-1.065,-0.861,-1.364,2.48,2.962,1.684,-0.668,-0.32000000000000006
1156,萡子寮潮位站,2007,10,2007-10-01,1.781,1.947,1.378,0.102,-1.219,-0.912,-1.593,2.597,2.859,1.606,-0.688,-0.16600000000000015
1156,萡子寮潮位站,2007,11,2007-11-01,1.745,1.808,1.331,0.045,-1.227,-0.936,-1.99,2.558,2.744,1.508,-0.731,-0.06299999999999994
1156,萡子寮潮位站,2007,12,2007-12-01,1.653,1.656,1.222,-0.03,-1.289,-0.99,-1.693,2.51,2.646,1.462,-0.783,-0.0029999999999998916
1156,萡子寮潮位站,2008,1,2008-01-01,1.58,1.685,1.251,-0.016,-1.303,-1.017,-1.746,2.553,2.702,1.448,-0.797,-0.10499999999999998
1156,萡子寮潮位站,2008,2,2008-02-01,1.542,1.824,1.2,-0.091,-1.382,-0.988,-1.702,2.582,2.812,1.463,-0.79,-0.28200000000000003
1156,萡子寮潮位站,2008,3,2008-03-01,1.55,1.893,1.181,-0.004,-1.152,-0.976,-1.496,2.332,2.869,1.421,-0.712,-0.34299999999999997
1156,萡子寮潮位站,2008,4,2008-04-01,1.581,1.866,1.268,0.11,-1.092,-0.948,-1.558,2.359,2.814,1.438,-0.707,-0.28500000000000014
1156,萡子寮潮位站,2008,5,2008-05-01,1.704,1.776,1.371,0.198,-1.036,-0.966,-1.488,2.407,2.742,1.49,-0.726,-0.07200000000000006
1156,萡子寮潮位站,2008,6,2008-06-01,1.738,1.786,1.388,0.208,-1.056,-1.006,-1.418,2.444,2.792,1.587,-0.748,-0.04800000000000004
1156,萡子寮潮位站,2008,7,2008-07-01,1.764,1.82,1.42,0.227,-1.067,-0.987,-1.523,2.487,2.807,1.673,-0.735,-0.05600000000000005
1156,萡子寮潮位站,2008,8,2008-08-01,1.748,1.987,1.477,0.232,-1.038,-0.918,-1.42,2.515,2.905,1.712,-0.704,-0.2390000000000001
1156,萡子寮潮位站,2008,9,2008-09-01,2.004,2.05,1.47,0.22,-1.03,-0.817,-1.348,2.5,2.867,1.683,-0.662,-0.04599999999999982
1156,萡子寮潮位站,2008,10,2008-10-01,1.729,1.978,1.35,0.106,-1.159,-0.886,-1.493,2.509,2.864,1.606,-0.685,-0.2489999999999999
1156,萡子寮潮位站,2008,11,2008-11-01,1.804,1.853,1.32,0.068,-1.231,-0.936,-1.655,2.551,2.789,1.506,-0.732,-0.04899999999999993
1156,萡子寮潮位站,2008,12,2008-12-01,1.689,1.748,1.278,0.031,-1.283,-1.018,-1.924,2.561,2.766,1.462,-0.784,-0.05899999999999994
1156,萡子寮潮位站,2009,1,2009-01-01,1.707,1.688,1.188,-0.044,-1.265,-1.067,-1.947,2.453,2.755,1.47,-0.805,0.019000000000000128
1156,萡子寮潮位站,2009,2,2009-02-01,1.678,1.755,1.248,0.003,-1.183,-1.032,-1.583,2.431,2.787,1.465,-0.773,-0.07699999999999996
1156,萡子寮潮位站,2009,3,2009-03-01,1.582,1.787,1.266,0.003,-1.255,-0.935,-1.601,2.52,2.722,1.482,-0.751,-0.20499999999999985
1156,萡子寮潮位站,2009,4,2009-04-01,1.596,1.764,1.3,0.101,-1.133,-0.894,-1.563,2.433,2.658,1.457,-0.723,-0.16799999999999993
1156,萡子寮潮位站,2009,5,2009-05-01,1.692,1.763,1.312,0.164,-1.067,-1.001,-1.402,2.379,2.764,1.488,-0.748,-0.07099999999999995
1156,萡子寮潮位站,2009,6,2009-06-01,1.877,1.824,1.433,0.251,-0.986,-1.04,-1.477,2.418,2.864,1.586,-0.744,0.052999999999999936
1156,萡子寮潮位站,2009,7,2009-07-01,1.743,1.928,1.429,0.224,-1.031,-0.985,-1.509,2.459,2.913,1.659,-0.714,-0.18499999999999983
1156,萡子寮潮位站,2009,8,2009-08-01,2.17,1.991,1.515,0.329,-0.883,-0.875,-1.314,2.397,2.866,1.678,-0.666,0.17899999999999983
1156,萡子寮潮位站,2009,9,2009-09-01,1.891,1.942,1.565,0.314,-0.925,-0.777,-1.263,2.489,2.719,1.669,-0.646,-0.050999999999999934
1156,萡子寮潮位站,2009,10,2009-10-01,1.868,1.901,1.504,0.219,-1.072,-0.792,-1.486,2.576,2.693,1.608,-0.669,-0.03299999999999992
1156,萡子寮潮位站,2009,11,2009-11-01,1.677,1.821,1.367,0.072,-1.213,-0.868,-1.537,2.58,2.689,1.542,-0.736,-0.1439999999999999
1156,萡子寮潮位站,2009,12,2009-12-01,1.702,1.772,1.298,0.01,-1.276,-0.971,-1.694,2.574,2.743,1.5,-0.8,-0.07000000000000006
1156,萡子寮潮位站,2010,1,2010-01-01,1.679,1.798,1.27,-0.074,-1.349,-1.078,-1.688,2.619,2.876,1.491,-0.829,-0.119
1156,萡子寮潮位站,2010,2,2010-02-01,1.751,1.811,1.297,-0.031,-1.221,-1.071,-1.63,2.518,2.882,1.462,-0.778,-0.06000000000000005
1156,萡子寮潮位站,2010,3,2010-03-01,1.814,1.817,1.266,0.013,-1.184,-0.979,-1.485,2.451,2.796,1.488,-0.743,-0.0029999999999998916
1156,萡子寮潮位站,2010,4,2010-04-01,1.619,1.744,1.281,0.016,-1.18,-0.889,-1.495,2.461,2.633,1.472,-0.72,-0.125
1156,萡子寮潮位站,2010,5,2010-05-01,1.577,1.7,1.292,0.117,-1.101,-0.897,-1.418,2.392,2.597,1.517,-0.743,-0.123
1156,萡子寮潮位站,2010,6,2010-06-01,1.541,1.791,1.321,0.154,-1.089,-0.981,-1.422,2.409,2.772,1.593,-0.754,-0.25
1156,萡子寮潮位站,2010,7,2010-07-01,1.774,1.948,1.399,0.23,-1.011,-1.0,-1.426,2.411,2.948,1.666,-0.72,-0.17399999999999993
1156,萡子寮潮位站,2010,8,2010-08-01,1.817,2.062,1.502,0.294,-0.932,-0.925,-1.299,2.435,2.987,1.705,-0.656,-0.24499999999999988
1156,萡子寮潮位站,2010,9,2010-09-01,1.987,2.061,1.525,0.285,-0.944,-0.809,-1.246,2.469,2.87,1.693,-0.646,-0.07399999999999984
1156,萡子寮潮位站,2010,10,2010-10-01,1.84,1.953,1.49,0.228,-0.999,-0.796,-1.329,2.488,2.749,1.612,-0.675,-0.11299999999999999
1156,萡子寮潮位站,2010,11,2010-11-01,1.886,1.844,1.487,0.149,-1.238,-0.859,-1.637,2.725,2.703,1.558,-0.73,0.041999999999999815
1156,萡子寮潮位站,2010,12,2010-12-01,1.817,1.751,1.384,0.072,-1.248,-0.987,-1.786,2.632,2.738,1.52,-0.784,0.06600000000000006
1156,萡子寮潮位站,2011,1,2011-01-01,1.734,1.833,1.325,-0.01,-1.302,-1.064,-1.59,2.627,2.897,1.482,-0.812,-0.09899999999999998
1156,萡子寮潮位站,2011,2,2011-02-01,1.814,1.883,1.368,0.048,-1.211,-1.025,-1.61,2.579,2.908,1.478,-0.781,-0.06899999999999995
1156,萡子寮潮位站,2011,3,2011-03-01,1.781,1.865,1.334,0.064,-1.176,-0.936,-1.596,2.51,2.801,1.45,-0.734,-0.08400000000000007
1156,萡子寮潮位站,2011,4,2011-04-01,1.746,1.797,1.29,0.089,-1.15,-0.925,-1.571,2.44,2.722,1.471,-0.702,-0.050999999999999934
1156,萡子寮潮位站,2011,5,2011-05-01,1.607,1.787,1.357,0.169,-1.106,-0.921,-1.501,2.463,2.708,1.52,-0.718,-0.17999999999999994
1156,萡子寮潮位站,2011,6,2011-06-01,1.64,1.767,1.444,0.252,-1.022,-0.908,-1.365,2.466,2.675,1.61,-0.735,-0.127
1156,萡子寮潮位站,2011,7,2011-07-01,1.827,1.947,1.543,0.308,-0.993,-0.912,-1.321,2.536,2.859,1.701,-0.735,-0.1200000000000001
1156,萡子寮潮位站,2011,8,2011-08-01,2.244,2.106,1.604,0.343,-0.912,-0.917,-1.222,2.517,3.023,1.748,-0.695,0.13800000000000034
1156,萡子寮潮位站,2011,9,2011-09-01,2.085,2.057,1.598,0.321,-0.939,-0.828,-1.284,2.537,2.885,1.707,-0.659,0.028000000000000025
1156,萡子寮潮位站,2011,10,2011-10-01,2.118,1.984,1.617,0.269,-1.07,-0.871,-1.466,2.687,2.855,1.648,-0.685,0.1339999999999999
1156,萡子寮潮位站,2011,11,2011-11-01,1.773,1.831,1.51,0.197,-1.122,-0.909,-1.603,2.632,2.74,1.557,-0.729,-0.05800000000000005
1156,萡子寮潮位站,2011,12,2011-12-01,1.617,1.685,1.396,0.095,-1.158,-0.951,-1.684,2.555,2.636,1.51,-0.782,-0.06800000000000006
1156,萡子寮潮位站,2012,1,2012-01-01,1.764,1.485,1.319,0.007,-1.216,-1.39,-1.656,2.534,2.875,1.207,-1.127,0.2789999999999999
1156,萡子寮潮位站,2012,2,2012-02-01,1.769,1.564,1.411,0.118,-1.107,-1.306,-1.538,2.517,2.87,1.193,-1.082,0.20499999999999985
1156,萡子寮潮位站,2012,3,2012-03-01,1.968,1.607,1.495,0.234,-0.96,-1.282,-1.277,2.455,2.889,1.15,-1.035,0.361
1156,萡子寮潮位站,2012,4,2012-04-01,1.829,1.588,1.415,0.246,-0.926,-1.428,-1.358,2.341,3.016,1.158,-1.102,0.24099999999999988
1156,萡子寮潮位站,2012,5,2012-05-01,1.751,1.579,1.482,0.297,-0.879,-1.545,-1.358,2.361,3.124,1.204,-1.181,0.17199999999999993
1156,萡子寮潮位站,2012,6,2012-06-01,1.917,1.556,1.584,0.349,-0.902,-1.597,-1.309,2.485,3.153,1.261,-1.248,0.361
1156,萡子寮潮位站,2012,7,2012-07-01,1.989,1.487,1.579,0.337,-0.915,-1.585,-1.323,2.493,3.072,1.261,-1.251,0.502
1156,萡子寮潮位站,2012,8,2012-08-01,2.368,1.491,1.691,0.384,-0.864,-1.502,-1.163,2.555,2.993,1.23,-1.207,0.8769999999999998
1156,萡子寮潮位站,2012,9,2012-09-01,2.043,1.564,1.604,0.341,-0.823,-1.315,-1.029,2.428,2.879,1.206,-1.148,0.4790000000000001
1156,萡子寮潮位站,2012,10,2012-10-01,2.098,1.586,1.602,0.337,-0.852,-1.465,-1.237,2.454,3.051,1.215,-1.164,0.5119999999999998
1156,萡子寮潮位站,2012,11,2012-11-01,1.874,1.645,1.427,0.202,-1.012,-1.565,-1.39,2.439,3.21,1.235,-1.191,0.2290000000000001
1156,萡子寮潮位站,2012,12,2012-12-01,1.762,1.641,1.393,0.127,-1.11,-1.575,-1.436,2.502,3.216,1.259,-1.197,0.121
1156,萡子寮潮位站,2013,1,2013-01-01,1.878,1.576,1.39,0.088,-1.147,-1.51,-1.485,2.537,3.086,1.259,-1.152,0.3019999999999998
1156,萡子寮潮位站,2013,2,2013-02-01,1.77,1.496,1.301,0.093,-1.038,-1.413,-1.409,2.339,2.909,1.214,-1.08,0.274
1156,萡子寮潮位站,2013,3,2013-03-01,1.693,1.477,1.389,0.151,-1.022,-1.287,-1.284,2.411,2.764,1.201,-1.065,0.21599999999999997
1156,萡子寮潮位站,2013,4,2013-04-01,1.704,1.505,1.396,0.254,-0.931,-1.424,-1.257,2.327,2.929,1.167,-1.109,0.19900000000000007
1156,萡子寮潮位站,2013,5,2013-05-01,1.689,1.569,1.438,0.284,-0.931,-1.565,-1.346,2.369,3.134,1.197,-1.189,0.1200000000000001
1156,萡子寮潮位站,2013,6,2013-06-01,1.793,1.598,1.442,0.266,-0.961,-1.627,-1.45,2.402,3.225,1.255,-1.228,0.19499999999999984
1156,萡子寮潮位站,2013,7,2013-07-01,1.86,1.597,1.493,0.312,-0.927,-1.602,-1.31,2.42,3.199,1.264,-1.225,0.2630000000000001
1156,萡子寮潮位站,2013,8,2013-08-01,2.252,1.571,1.596,0.393,-0.806,-1.502,-1.129,2.402,3.073,1.224,-1.186,0.6809999999999998
1156,萡子寮潮位站,2013,9,2013-09-01,2.33,1.502,1.608,0.363,-0.817,-1.356,-0.994,2.425,2.858,1.205,-1.151,0.8280000000000001
1156,萡子寮潮位站,2013,10,2013-10-01,2.103,1.466,1.619,0.3,-0.916,-1.318,-1.181,2.535,2.784,1.205,-1.139,0.6370000000000002
1156,萡子寮潮位站,2013,11,2013-11-01,1.936,1.549,1.4,0.158,-1.055,-1.429,-1.395,2.455,2.978,1.242,-1.172,0.387
1156,萡子寮潮位站,2013,12,2013-12-01,1.638,1.63,1.322,0.054,-1.224,-1.525,-1.478,2.546,3.155,1.279,-1.197,0.008000000000000007
1156,萡子寮潮位站,2014,1,2014-01-01,1.728,2.043,1.312,0.028,-1.229,-1.44,-1.526,2.541,3.483,1.649,-0.898,-0.31500000000000017
1156,萡子寮潮位站,2014,2,2014-02-01,1.713,2.033,1.348,0.089,-1.107,-1.237,-1.43,2.455,3.27,1.644,-0.766,-0.31999999999999984
1156,萡子寮潮位站,2014,3,2014-03-01,1.801,2.041,1.331,0.085,-1.096,-1.033,-1.372,2.426,3.074,1.706,-0.661,-0.24
1156,萡子寮潮位站,2014,4,2014-04-01,1.557,1.946,1.328,0.166,-1.015,-0.843,-1.255,2.343,2.789,1.711,-0.583,-0.389
1156,萡子寮潮位站,2014,5,2014-05-01,1.586,1.944,1.333,0.194,-0.982,-0.829,-1.296,2.314,2.773,1.74,-0.593,-0.3579999999999999
1156,萡子寮潮位站,2014,6,2014-06-01,1.842,2.039,1.441,0.272,-0.958,-0.918,-1.321,2.399,2.957,1.775,-0.611,-0.19700000000000006
1156,萡子寮潮位站,2014,7,2014-07-01,1.861,2.176,1.494,0.308,-0.888,-0.971,-1.293,2.382,3.147,1.841,-0.61,-0.31500000000000017
1156,萡子寮潮位站,2014,8,2014-08-01,1.962,2.296,1.493,0.3,-0.905,-0.945,-1.25,2.398,3.241,1.908,-0.568,-0.33399999999999985
1156,萡子寮潮位站,2014,9,2014-09-01,1.875,2.323,1.514,0.304,-0.917,-0.826,-1.148,2.431,3.149,1.916,-0.563,-0.44799999999999995
1156,萡子寮潮位站,2014,10,2014-10-01,2.174,2.215,1.607,0.309,-0.986,-0.856,-1.173,2.593,3.071,1.841,-0.618,-0.040999999999999925
1156,萡子寮潮位站,2014,11,2014-11-01,1.777,2.027,1.46,0.202,-1.044,-1.017,-1.242,2.504,3.044,1.741,-0.734,-0.2500000000000002
1156,萡子寮潮位站,2014,12,2014-12-01,1.664,1.927,1.382,0.095,-1.133,-1.184,-1.423,2.515,3.111,1.661,-0.829,-0.2630000000000001
1156,萡子寮潮位站,2015,1,2015-01-01,1.665,1.899,1.314,0.074,-1.099,-1.166,-1.333,2.413,3.065,1.563,-0.799,-0.23399999999999999
1156,萡子寮潮位站,2015,2,2015-02-01,1.817,2.027,1.351,0.123,-0.998,-1.097,-1.201,2.349,3.124,1.63,-0.746,-0.2100000000000002
1156,萡子寮潮位站,2015,3,2015-03-01,1.837,2.078,1.347,0.145,-0.963,-0.894,-1.202,2.31,2.972,1.657,-0.637,-0.24099999999999988
1156,萡子寮潮位站,2015,4,2015-04-01,1.696,2.019,1.335,0.15,-0.934,-0.881,-1.173,2.269,2.9,1.685,-0.569,-0.3230000000000002
1156,萡子寮潮位站,2015,5,2015-05-01,1.642,1.987,1.363,0.219,-0.936,-0.867,-1.179,2.3,2.854,1.707,-0.571,-0.3450000000000002
1156,萡子寮潮位站,2015,6,2015-06-01,1.593,1.922,1.384,0.214,-0.97,-0.831,-1.231,2.354,2.753,1.747,-0.587,-0.32899999999999996
1156,萡子寮潮位站,2015,7,2015-07-01,1.876,2.025,1.584,0.322,-0.94,-0.829,-1.293,2.524,2.854,1.815,-0.582,-0.14900000000000002
1156,萡子寮潮位站,2015,8,2015-08-01,1.959,2.28,1.656,0.374,-0.903,-0.846,-1.305,2.559,3.126,1.9,-0.55,-0.32099999999999973
1156,萡子寮潮位站,2015,9,2015-09-01,2.263,2.288,1.607,0.326,-0.925,-0.746,-1.147,2.532,3.034,1.895,-0.518,-0.02499999999999991
1156,萡子寮潮位站,2015,10,2015-10-01,1.886,2.128,1.579,0.307,-0.886,-0.914,-1.163,2.465,3.042,1.806,-0.584,-0.24200000000000021
1156,萡子寮潮位站,2015,11,2015-11-01,1.804,1.952,1.516,0.228,-0.947,-1.035,-1.036,2.462,2.987,1.663,-0.679,-0.1479999999999999
1156,萡子寮潮位站,2015,12,2015-12-01,1.645,1.788,1.462,0.209,-0.833,-1.088,-0.988,2.295,2.876,1.565,-0.77,-0.14300000000000002
1156,萡子寮潮位站,2016,1,2016-01-01,1.757,1.753,1.46,0.187,-0.872,-1.087,-1.065,2.333,2.84,1.49,-0.752,0.0040000000000000036
1156,萡子寮潮位站,2016,2,2016-02-01,1.702,1.812,1.406,0.167,-0.825,-1.007,-0.987,2.231,2.819,1.579,-0.699,-0.1100000000000001
1156,萡子寮潮位站,2016,3,2016-03-01,2.052,1.925,1.467,0.232,-0.768,-0.869,-0.853,2.235,2.794,1.634,-0.6,0.127
1156,萡子寮潮位站,2016,4,2016-04-01,1.883,2.009,1.481,0.31,-0.729,-0.823,-0.841,2.21,2.832,1.649,-0.567,-0.1259999999999999
1156,萡子寮潮位站,2016,5,2016-05-01,1.885,2.036,1.514,0.334,-0.825,-0.837,-1.051,2.34,2.873,1.648,-0.552,-0.15100000000000002
1156,萡子寮潮位站,2016,6,2016-06-01,1.792,2.009,1.481,0.269,-0.975,-0.837,-1.239,2.456,2.846,1.664,-0.552,-0.21699999999999986
1156,萡子寮潮位站,2016,7,2016-07-01,1.906,1.947,1.54,0.298,-1.004,-0.83,-1.271,2.544,2.777,1.701,-0.524,-0.04100000000000015
1156,萡子寮潮位站,2016,8,2016-08-01,1.963,1.926,1.67,0.386,-0.925,-0.779,-1.195,2.595,2.705,1.737,-0.478,0.037000000000000144
1156,萡子寮潮位站,2016,9,2016-09-01,2.083,1.997,1.692,0.417,-0.803,-0.671,-1.092,2.494,2.668,1.741,-0.442,0.08600000000000008
1156,萡子寮潮位站,2016,10,2016-10-01,1.761,2.017,1.569,0.346,-0.761,-0.724,-0.961,2.33,2.741,1.674,-0.493,-0.256
1156,萡子寮潮位站,2016,11,2016-11-01,2.053,1.955,1.64,0.351,-0.921,-0.921,-1.364,2.561,2.876,1.553,-0.626,0.09799999999999986
1156,萡子寮潮位站,2016,12,2016-12-01,1.954,1.895,1.542,0.265,-0.981,-1.073,-1.265,2.523,2.968,1.487,-0.753,0.05899999999999994
1156,萡子寮潮位站,2017,1,2017-01-01,1.8,1.666,1.477,0.193,-0.962,-0.953,-1.168,2.439,2.619,1.411,-0.658,0.13400000000000012
1156,萡子寮潮位站,2017,2,2017-02-01,1.798,1.743,1.509,0.285,-0.733,-0.972,-0.957,2.242,2.715,1.436,-0.61,0.05499999999999994
1156,萡子寮潮位站,2017,3,2017-03-01,1.941,1.832,1.552,0.328,-0.675,-0.825,-0.765,2.227,2.657,1.537,-0.531,0.10899999999999999
1156,萡子寮潮位站,2017,4,2017-04-01,1.916,1.868,1.509,0.323,-0.727,-0.7,-0.858,2.236,2.568,1.577,-0.482,0.04799999999999982
1156,萡子寮潮位站,2017,5,2017-05-01,1.817,1.798,1.457,0.294,-0.805,-0.714,-0.941,2.262,2.512,1.547,-0.473,0.018999999999999906
1156,萡子寮潮位站,2017,6,2017-06-01,1.853,1.7,1.572,0.378,-0.77,-0.728,-0.929,2.342,2.428,1.507,-0.474,0.15300000000000002
1156,萡子寮潮位站,2017,7,2017-07-01,1.893,1.728,1.604,0.391,-0.764,-0.761,-0.935,2.367,2.489,1.5,-0.46,0.16500000000000004
1156,萡子寮潮位站,2017,8,2017-08-01,2.187,1.887,1.635,0.431,-0.779,-0.771,-0.926,2.413,2.658,1.54,-0.447,0.2999999999999998
1156,萡子寮潮位站,2017,9,2017-09-01,1.889,1.962,1.656,0.473,-0.714,-0.67,-0.851,2.37,2.632,1.615,-0.421,-0.07299999999999995
1156,萡子寮潮位站,2017,10,2017-10-01,2.116,1.857,1.768,0.536,-0.578,-0.498,-0.724,2.345,2.355,1.596,-0.411,0.2590000000000001
1156,萡子寮潮位站,2017,11,2017-11-01,2.069,1.83,1.635,0.386,-0.599,-0.618,-0.724,2.234,2.448,1.515,-0.462,0.23899999999999988
1156,萡子寮潮位站,2017,12,2017-12-01,2.025,1.744,1.558,0.305,-0.738,-0.742,-0.94,2.297,2.486,1.44,-0.556,0.2809999999999999
1156,萡子寮潮位站,2018,1,2018-01-01,1.978,1.847,1.523,0.235,-0.82,-0.77,-0.981,2.342,2.617,1.509,-0.549,0.131
1156,萡子寮潮位站,2018,2,2018-02-01,1.837,1.791,1.471,0.252,-0.697,-0.843,-0.803,2.168,2.634,1.459,-0.535,0.04600000000000004
1156,萡子寮潮位站,2018,3,2018-03-01,1.86,1.957,1.517,0.285,-0.746,-0.868,-0.824,2.263,2.825,1.575,-0.524,-0.09699999999999998
1156,萡子寮潮位站,2018,4,2018-04-01,1.757,1.951,1.479,0.308,-0.738,-0.653,-0.85,2.217,2.604,1.654,-0.449,-0.19400000000000017
1156,萡子寮潮位站,2018,5,2018-05-01,1.739,1.881,1.502,0.337,-0.758,-0.643,-0.883,2.26,2.524,1.654,-0.433,-0.1419999999999999
1156,萡子寮潮位站,2018,6,2018-06-01,2.125,1.883,1.609,0.41,-0.741,-0.685,-0.9,2.35,2.568,1.604,-0.432,0.242
1156,萡子寮潮位站,2018,7,2018-07-01,2.161,1.911,1.725,0.489,-0.705,-0.718,-0.862,2.431,2.629,1.598,-0.448,0.25
1156,萡子寮潮位站,2018,8,2018-08-01,2.267,2.035,1.79,0.542,-0.679,-0.742,-0.87,2.469,2.777,1.692,-0.443,0.23199999999999976
1156,萡子寮潮位站,2018,9,2018-09-01,2.151,2.207,1.833,0.491,-0.641,-0.712,-0.826,2.474,2.919,1.835,-0.446,-0.05600000000000005
1156,萡子寮潮位站,2018,10,2018-10-01,2.028,2.267,1.662,0.429,-0.619,-0.603,-0.809,2.28,2.87,1.9,-0.464,-0.23899999999999988
1156,萡子寮潮位站,2018,11,2018-11-01,1.815,2.11,1.653,0.385,-0.626,-0.641,-0.702,2.279,2.751,1.805,-0.479,-0.29499999999999993
1156,萡子寮潮位站,2018,12,2018-12-01,2.009,1.822,1.604,0.412,-0.409,-0.683,-0.594,2.013,2.505,1.607,-0.482,0.18699999999999983
1156,萡子寮潮位站,2019,1,2019-01-01,1.928,1.985,1.634,0.419,-0.463,-0.746,-1.027,2.096,2.731,1.711,-0.487,-0.05700000000000016
1156,萡子寮潮位站,2019,2,2019-02-01,1.996,2.097,1.603,0.313,-0.771,-0.744,-0.917,2.374,2.841,1.723,-0.464,-0.10099999999999998
1156,萡子寮潮位站,2019,3,2019-03-01,2.069,2.207,1.57,0.349,-0.705,-0.672,-0.797,2.275,2.879,1.753,-0.389,-0.1379999999999999
1156,萡子寮潮位站,2019,4,2019-04-01,1.876,2.225,1.538,0.368,-0.715,-0.648,-0.903,2.252,2.873,1.823,-0.372,-0.3490000000000002
1156,萡子寮潮位站,2019,5,2019-05-01,1.87,2.157,1.609,0.401,-0.671,-0.724,-0.845,2.28,2.881,1.828,-0.411,-0.2869999999999999
1156,萡子寮潮位站,2019,6,2019-06-01,1.769,2.057,1.616,0.438,-0.755,-0.725,-0.903,2.371,2.782,1.826,-0.465,-0.28800000000000003
1156,萡子寮潮位站,2019,7,2019-07-01,1.983,1.99,1.71,0.456,-0.763,-0.671,-0.878,2.473,2.661,1.857,-0.462,-0.006999999999999895
1156,萡子寮潮位站,2019,8,2019-08-01,2.199,2.316,1.773,0.48,-0.749,-0.676,-0.877,2.522,2.992,1.967,-0.41,-0.11699999999999999
1156,萡子寮潮位站,2019,9,2019-09-01,2.276,2.501,1.756,0.457,-0.716,-0.566,-0.874,2.472,3.067,2.071,-0.336,-0.2250000000000001
1156,萡子寮潮位站,2019,10,2019-10-01,2.047,2.465,1.686,0.416,-0.655,-0.611,-0.742,2.341,3.076,2.096,-0.349,-0.4179999999999997
1156,萡子寮潮位站,2019,11,2019-11-01,1.922,2.247,1.656,0.418,-0.733,-0.715,-1.012,2.389,2.962,1.97,-0.415,-0.32499999999999996
1156,萡子寮潮位站,2019,12,2019-12-01,1.747,1.981,1.532,0.254,-0.889,-0.757,-1.056,2.421,2.738,1.798,-0.481,-0.23399999999999999
1156,萡子寮潮位站,2020,1,2020-01-01,1.878,1.527,1.515,0.226,-0.969,-0.969,-1.098,2.484,2.496,1.236,-0.745,0.351
1156,萡子寮潮位站,2020,2,2020-02-01,1.9,1.737,1.517,0.268,-0.823,-0.963,-0.961,2.34,2.7,1.35,-0.753,0.1629999999999998
1156,萡子寮潮位站,2020,3,2020-03-01,1.977,1.917,1.496,0.274,-0.83,-0.931,-0.958,2.326,2.848,1.452,-0.721,0.06000000000000005
1156,萡子寮潮位站,2020,4,2020-04-01,1.889,1.951,1.491,0.314,-0.784,-0.939,-0.92,2.275,2.89,1.507,-0.717,-0.062000000000000055
1156,萡子寮潮位站,2020,5,2020-05-01,1.9,1.856,1.563,0.396,-0.708,-1.014,-0.827,2.271,2.87,1.513,-0.75,0.04399999999999982
1156,萡子寮潮位站,2020,6,2020-06-01,1.926,1.832,1.639,0.441,-0.727,-1.082,-0.833,2.366,2.914,1.571,-0.802,0.09399999999999986
1156,萡子寮潮位站,2020,7,2020-07-01,1.93,1.854,1.683,0.464,-0.756,-1.074,-0.863,2.438,2.928,1.648,-0.793,0.07599999999999985
1156,萡子寮潮位站,2020,8,2020-08-01,2.123,2.037,1.725,0.492,-0.729,-0.966,-0.848,2.454,3.003,1.682,-0.707,0.0860000000000003
1156,萡子寮潮位站,2020,9,2020-09-01,,2.106,,,,-0.774,,,2.88,1.665,-0.59,
1156,萡子寮潮位站,2020,10,2020-10-01,2.316,1.995,1.868,0.57,-0.595,-0.693,-0.818,2.463,2.688,1.562,-0.546,0.32099999999999973
1156,萡子寮潮位站,2020,11,2020-11-01,2.183,1.756,1.734,0.48,-0.655,-0.777,-0.883,2.389,2.533,1.389,-0.601,0.4269999999999998
1156,萡子寮潮位站,2020,12,2020-12-01,2.066,1.545,1.655,0.418,-0.641,-0.917,-0.787,2.296,2.462,1.265,-0.696,0.5209999999999999
1156,萡子寮潮位站,2021,1,2021-01-01,1.762,1.744,1.538,0.268,-0.787,-0.945,-0.958,2.325,2.689,1.457,-0.738,0.018000000000000016
1156,萡子寮潮位站,2021,2,2021-02-01,1.931,1.868,1.525,0.239,-0.852,-0.944,-0.961,2.378,2.812,1.456,-0.73,0.06299999999999994
1156,萡子寮潮位站,2021,3,2021-03-01,2.041,1.921,1.588,0.286,-0.815,-0.916,-0.948,2.403,2.837,1.478,-0.731,0.11999999999999988
1156,萡子寮潮位站,2021,4,2021-04-01,1.918,1.895,1.562,0.394,-0.718,-0.958,-0.926,2.28,2.853,1.469,-0.716,0.02299999999999991
1156,萡子寮潮位站,2021,5,2021-05-01,2.01,1.866,1.648,0.439,-0.777,-0.973,-1.063,2.424,2.839,1.498,-0.726,0.14399999999999968
1156,萡子寮潮位站,2021,6,2021-06-01,1.982,1.908,1.67,0.447,-0.876,-0.954,-1.203,2.545,2.862,1.586,-0.716,0.07400000000000007
1156,萡子寮潮位站,2021,7,2021-07-01,2.314,1.877,1.755,0.52,-0.781,-0.9,-1.112,2.536,2.777,1.671,-0.687,0.43700000000000006
1156,萡子寮潮位站,2021,8,2021-08-01,1.995,1.949,1.742,0.498,-0.822,-0.823,-1.138,2.563,2.772,1.685,-0.653,0.04600000000000004
1156,萡子寮潮位站,2021,9,2021-09-01,2.164,2.061,1.732,0.49,-0.798,-0.768,-1.017,2.529,2.829,1.634,-0.624,0.1030000000000002
1156,萡子寮潮位站,2021,10,2021-10-01,2.2,2.046,1.764,0.486,-0.789,-0.762,-1.008,2.553,2.808,1.547,-0.625,0.15400000000000036
1156,萡子寮潮位站,2021,11,2021-11-01,2.09,1.924,1.669,0.392,-0.886,-0.837,-1.282,2.554,2.761,1.491,-0.669,0.16599999999999993
1156,萡子寮潮位站,2021,12,2021-12-01,2.043,1.819,1.666,0.371,-0.897,-0.905,-1.21,2.563,2.724,1.461,-0.71,0.2240000000000002
1156,萡子寮潮位站,2022,1,2022-01-01,1.969,1.801,1.632,0.356,-0.892,-1.03,-1.274,2.524,2.831,1.524,-0.83,0.16800000000000015
1156,萡子寮潮位站,2022,2,2022-02-01,2.018,1.796,1.617,0.314,-0.848,-1.078,-1.116,2.465,2.874,1.493,-0.827,0.22199999999999975
1156,萡子寮潮位站,2022,3,2022-03-01,2.038,1.865,1.66,0.389,-0.836,-1.041,-1.249,2.496,2.906,1.507,-0.803,0.17299999999999982
1156,萡子寮潮位站,2022,4,2022-04-01,1.942,1.867,1.622,0.438,-0.733,-0.921,-1.05,2.355,2.788,1.518,-0.737,0.07499999999999996
1156,萡子寮潮位站,2022,5,2022-05-01,1.92,1.887,1.593,0.418,-0.749,-0.949,-1.12,2.342,2.836,1.55,-0.74,0.03299999999999992
1156,萡子寮潮位站,2022,6,2022-06-01,1.952,1.9,1.648,0.453,-0.839,-1.027,-1.231,2.488,2.927,1.6,-0.759,0.052000000000000046
1156,萡子寮潮位站,2022,7,2022-07-01,2.121,1.934,1.761,0.548,-0.833,-1.04,-1.201,2.594,2.974,1.673,-0.765,0.18700000000000006
1156,萡子寮潮位站,2022,8,2022-08-01,2.152,2.022,1.761,0.564,-0.722,-0.983,-1.125,2.484,3.005,1.747,-0.727,0.13000000000000034
1156,萡子寮潮位站,2022,9,2022-09-01,2.08,2.061,1.79,0.563,-0.671,-0.873,-0.959,2.46,2.934,1.753,-0.687,0.019000000000000128
1156,萡子寮潮位站,2022,10,2022-10-01,1.92,2.01,1.654,0.505,-0.613,-0.848,-0.804,2.267,2.858,1.709,-0.679,-0.08999999999999986
1156,萡子寮潮位站,2022,11,2022-11-01,1.812,1.956,1.551,0.399,-0.725,-0.887,-0.936,2.276,2.843,1.623,-0.699,-0.1439999999999999
1156,萡子寮潮位站,2022,12,2022-12-01,1.945,1.871,1.579,0.382,-0.719,-1.012,-0.998,2.298,2.883,1.544,-0.765,0.07400000000000007
1156,萡子寮潮位站,2023,1,2023-01-01,2.031,1.856,1.562,0.341,-0.711,-1.247,-0.923,2.273,3.103,1.5,-0.912,0.17500000000000004
1156,萡子寮潮位站,2023,2,2023-02-01,1.916,1.875,1.605,0.391,-0.615,-1.228,-0.796,2.22,3.103,1.486,-0.94,0.040999999999999925
1156,萡子寮潮位站,2023,3,2023-03-01,1.898,1.88,1.502,0.37,-0.543,-1.072,-0.723,2.045,2.952,1.438,-0.808,0.018000000000000016
1156,萡子寮潮位站,2023,4,2023-04-01,1.784,1.842,1.483,0.444,-0.438,-0.97,-0.688,1.92,2.812,1.488,-0.748,-0.05800000000000005
1156,萡子寮潮位站,2023,5,2023-05-01,1.783,1.8,1.578,0.512,-0.48,-0.973,-0.813,2.058,2.773,1.549,-0.72,-0.017000000000000126
1156,萡子寮潮位站,2023,6,2023-06-01,1.87,1.847,1.67,0.525,-0.686,-0.976,-0.981,2.356,2.823,1.645,-0.778,0.02300000000000013
1156,萡子寮潮位站,2023,7,2023-07-01,2.233,1.96,1.677,0.555,-0.626,-1.072,-0.978,2.303,3.032,1.718,-0.812,0.27300000000000013
1156,萡子寮潮位站,2023,8,2023-08-01,2.591,2.123,1.84,0.628,-0.489,-1.097,-0.924,2.329,3.22,1.779,-0.797,0.46799999999999997
1156,萡子寮潮位站,2023,9,2023-09-01,2.462,2.207,1.864,0.617,-0.59,-0.99,-0.756,2.453,3.197,1.789,-0.714,0.25500000000000034
1156,萡子寮潮位站,2023,10,2023-10-01,2.229,2.179,1.73,0.5,-0.608,-0.935,-0.928,2.337,3.114,1.752,-0.693,0.050000000000000266
1156,萡子寮潮位站,2023,11,2023-11-01,1.857,1.916,1.589,0.382,-0.778,-1.024,-0.96,2.367,2.94,1.652,-0.731,-0.05899999999999994
1156,萡子寮潮位站,2023,12,2023-12-01,1.886,1.842,1.581,0.344,-0.838,-1.079,-0.969,2.419,2.921,1.56,-0.832,0.04399999999999982
1156,萡子寮潮位站,2024,1,2024-01-01,1.942,1.898,1.581,0.32,-0.833,-1.231,-0.96,2.414,3.129,1.509,-0.894,0.04400000000000004
1156,萡子寮潮位站,2024,2,2024-02-01,1.994,1.997,1.611,0.343,-0.788,-1.241,-0.966,2.4,3.238,1.52,-0.831,-0.0030000000000001137
1156,萡子寮潮位站,2024,3,2024-03-01,2.03,2.042,1.581,0.367,-0.729,-1.124,-0.93,2.31,3.166,1.555,-0.775,-0.01200000000000001
1156,萡子寮潮位站,2024,4,2024-04-01,1.95,2.007,1.532,0.393,-0.742,-1.111,-0.95,2.274,3.118,1.587,-0.751,-0.05700000000000016
1156,萡子寮潮位站,2024,5,2024-05-01,1.74,1.973,1.476,0.41,-0.705,-1.142,-0.93,2.18,3.115,1.632,-0.785,-0.2330000000000001
1156,萡子寮潮位站,2024,6,2024-06-01,1.89,1.924,1.653,0.517,-0.687,-1.112,-0.92,2.34,3.036,1.726,-0.819,-0.03400000000000003
1156,萡子寮潮位站,2024,7,2024-07-01,2.58,2.056,1.8,0.577,-0.717,-1.04,-0.95,2.518,3.096,1.761,-0.801,0.524
1156,萡子寮潮位站,2024,8,2024-08-01,2.17,2.166,1.819,0.569,-0.757,-0.998,-0.97,2.576,3.164,1.731,-0.722,0.0040000000000000036
1156,萡子寮潮位站,2024,9,2024-09-01,2.03,2.192,1.913,0.61,-0.711,-0.903,-0.85,2.624,3.095,1.708,-0.665,-0.16200000000000037
1156,萡子寮潮位站,2024,10,2024-10-01,2.155,2.096,1.673,0.413,-0.895,-1.065,-1.215,2.568,3.161,1.664,-0.678,0.05899999999999972
1156,萡子寮潮位站,2024,11,2024-11-01,2.145,1.976,1.618,0.344,-0.995,-1.197,-1.215,2.613,3.173,1.602,-0.788,0.16900000000000004
1156,萡子寮潮位站,2024,12,2024-12-01,1.695,1.817,1.437,0.213,-0.972,-1.24,-1.215,2.409,3.057,1.559,-0.89,-0.12199999999999989
1156,萡子寮潮位站,2025,1,2025-01-01,1.665,1.832,1.425,0.221,-1.076,-1.05,-1.205,2.501,2.882,1.525,-0.806,-0.16700000000000004
1156,萡子寮潮位站,2025,2,2025-02-01,1.815,1.958,1.365,0.095,-1.094,-0.993,-1.445,2.459,2.951,1.529,-0.696,-0.14300000000000002
1156,萡子寮潮位站,2025,3,2025-03-01,2.085,2.034,1.562,0.253,-0.96,-0.945,-1.355,2.522,2.979,1.583,-0.662,0.051000000000000156
1156,萡子寮潮位站,2025,4,2025-04-01,2.015,1.987,1.563,0.306,-0.944,-1.083,-1.305,2.507,3.07,1.585,-0.68,0.028000000000000025
1156,萡子寮潮位站,2025,5,2025-05-01,1.945,1.991,1.547,0.323,-0.945,-1.126,-1.365,2.492,3.117,1.608,-0.747,-0.04600000000000004
1156,萡子寮潮位站,2025,6,2025-06-01,1.945,1.925,1.606,0.395,-0.889,-1.065,-1.255,2.495,2.99,1.668,-0.753,0.020000000000000018
1156,萡子寮潮位站,2025,7,2025-07-01,2.185,1.909,1.781,0.513,-0.762,-0.94,-1.005,2.543,2.849,1.725,-0.669,0.276
1156,萡子寮潮位站,2025,8,2025-08-01,2.045,2.047,1.646,0.398,-0.848,-0.819,-1.105,2.494,2.866,1.74,-0.587,-0.002000000000000224
1156,萡子寮潮位站,2025,9,2025-09-01,2.125,2.144,1.697,0.443,-0.795,-0.739,-1.045,2.492,2.883,1.721,-0.579,-0.019000000000000128
1156,萡子寮潮位站,2025,10,2025-10-01,2.125,2.131,1.685,0.436,-0.782,-0.934,-1.205,2.467,3.065,1.652,-0.653,-0.005999999999999783
1156,萡子寮潮位站,2025,11,2025-11-01,2.115,2.05,1.592,0.296,-0.954,-1.134,-1.435,2.547,3.184,1.612,-0.781,0.06500000000000039
1156,萡子寮潮位站,2025,12,2025-12-01,1.965,1.956,1.621,0.288,-1.042,-1.224,-1.495,2.664,3.18,1.576,-0.844,0.009000000000000119
1456,麥寮潮位站,2006,1,2006-01-01,2.21,2.07,1.713,0.167,-1.483,-2.272,-2.106,3.196,4.342,1.537,-1.664,0.14000000000000012
1456,麥寮潮位站,2006,2,2006-02-01,2.276,2.17,1.708,0.207,-1.319,-2.211,-1.93,3.027,4.381,1.541,-1.566,0.10599999999999987
1456,麥寮潮位站,2006,3,2006-03-01,2.188,2.197,1.704,0.185,-1.35,-2.177,-1.975,3.054,4.374,1.558,-1.56,-0.008999999999999897
1456,麥寮潮位站,2006,4,2006-04-01,2.142,1.952,1.713,0.304,-1.218,-1.982,-1.729,2.93,3.934,1.438,-1.509,0.18999999999999995
1456,麥寮潮位站,2006,5,2006-05-01,2.049,1.651,1.753,0.334,-1.252,-1.897,-1.761,3.005,3.548,1.361,-1.512,0.3979999999999999
1456,麥寮潮位站,2006,6,2006-06-01,2.024,1.55,1.801,0.383,-1.255,-1.871,-1.7,3.056,3.421,1.366,-1.534,0.474
1456,麥寮潮位站,2006,7,2006-07-01,2.457,1.802,1.876,0.422,-1.213,-2.038,-1.716,3.089,3.84,1.434,-1.565,0.6549999999999998
1456,麥寮潮位站,2006,8,2006-08-01,2.422,2.036,1.889,0.429,-1.156,-2.148,-1.736,3.045,4.184,1.5,-1.588,0.3860000000000001
1456,麥寮潮位站,2006,9,2006-09-01,2.471,2.175,1.92,0.393,-1.202,-2.113,-1.547,3.123,4.288,1.513,-1.606,0.29600000000000026
1456,麥寮潮位站,2006,10,2006-10-01,2.427,2.123,1.824,0.36,-1.208,-2.08,-1.622,3.032,4.203,1.462,-1.586,0.3039999999999998
1456,麥寮潮位站,2006,11,2006-11-01,2.267,1.93,1.807,0.295,-1.348,-2.127,-1.879,3.155,4.057,1.449,-1.589,0.33699999999999997
1456,麥寮潮位站,2006,12,2006-12-01,2.05,1.74,1.761,0.204,-1.422,-2.037,-1.955,3.182,3.777,1.458,-1.588,0.30999999999999983
1456,麥寮潮位站,2007,1,2007-01-01,2.073,1.939,1.611,0.07,-1.533,-2.109,-1.961,3.144,4.048,1.484,-1.592,0.1339999999999999
1456,麥寮潮位站,2007,2,2007-02-01,2.145,2.149,1.596,0.109,-1.416,-2.156,-1.912,3.012,4.305,1.536,-1.561,-0.0040000000000000036
1456,麥寮潮位站,2007,3,2007-03-01,2.293,2.176,1.739,0.237,-1.272,-2.061,-1.74,3.012,4.237,1.523,-1.534,0.11699999999999999
1456,麥寮潮位站,2007,4,2007-04-01,2.353,2.051,1.697,0.22,-1.298,-2.154,-1.964,2.995,4.205,1.461,-1.509,0.30200000000000005
1456,麥寮潮位站,2007,5,2007-05-01,2.021,1.856,1.668,0.269,-1.288,-2.103,-1.846,2.956,3.959,1.388,-1.528,0.1649999999999998
1456,麥寮潮位站,2007,6,2007-06-01,2.003,1.667,1.69,0.303,-1.276,-1.998,-1.806,2.966,3.665,1.37,-1.547,0.3360000000000001
1456,麥寮潮位站,2007,7,2007-07-01,2.148,1.713,1.777,0.325,-1.318,-1.929,-1.774,3.095,3.642,1.427,-1.582,0.43500000000000005
1456,麥寮潮位站,2007,8,2007-08-01,2.283,2.018,2.007,0.452,-1.147,-1.985,-1.568,3.154,4.003,1.521,-1.605,0.2650000000000001
1456,麥寮潮位站,2007,9,2007-09-01,2.372,2.113,1.946,0.408,-1.184,-2.098,-1.573,3.13,4.211,1.545,-1.617,0.2589999999999999
1456,麥寮潮位站,2007,10,2007-10-01,2.341,2.04,1.877,0.312,-1.32,-2.251,-1.818,3.196,4.291,1.524,-1.639,0.30100000000000016
1456,麥寮潮位站,2007,11,2007-11-01,2.285,1.94,1.802,0.247,-1.379,-2.245,-2.114,3.181,4.185,1.463,-1.618,0.3450000000000002
1456,麥寮潮位站,2007,12,2007-12-01,,1.822,,,,-2.144,,,3.966,1.452,-1.599,
1456,麥寮潮位站,2008,1,2008-01-01,2.102,1.829,1.718,0.241,-1.311,-2.021,-1.925,3.029,3.85,1.47,-1.555,0.2729999999999999
1456,麥寮潮位站,2008,2,2008-02-01,2.013,1.913,1.625,0.097,-1.458,-1.962,-1.873,3.083,3.875,1.518,-1.541,0.09999999999999987
1456,麥寮潮位站,2008,3,2008-03-01,2.053,2.022,1.606,0.18,-1.287,-1.967,-1.691,2.893,3.989,1.463,-1.463,0.03100000000000014
1456,麥寮潮位站,2008,4,2008-04-01,2.032,1.992,1.659,0.259,-1.247,-2.134,-1.845,2.906,4.126,1.442,-1.516,0.040000000000000036
1456,麥寮潮位站,2008,5,2008-05-01,2.188,1.929,1.78,0.382,-1.233,-2.185,-2.271,3.013,4.114,1.428,-1.556,0.2590000000000001
1456,麥寮潮位站,2008,6,2008-06-01,2.265,1.829,1.874,0.434,-1.205,-2.16,-1.757,3.079,3.989,1.447,-1.612,0.43600000000000017
1456,麥寮潮位站,2008,7,2008-07-01,2.187,1.802,1.896,0.442,-1.21,-2.106,-1.881,3.107,3.908,1.47,-1.63,0.3849999999999998
1456,麥寮潮位站,2008,8,2008-08-01,2.27,1.846,1.97,0.459,-1.185,-2.025,-1.719,3.155,3.871,1.501,-1.604,0.42399999999999993
1456,麥寮潮位站,2008,9,2008-09-01,2.307,1.883,1.947,0.438,-1.135,-1.899,-1.474,3.082,3.782,1.498,-1.553,0.42399999999999993
1456,麥寮潮位站,2008,10,2008-10-01,2.278,1.922,1.849,0.332,-1.283,-2.123,-1.668,3.132,4.045,1.486,-1.585,0.3560000000000001
1456,麥寮潮位站,2008,11,2008-11-01,2.337,1.952,1.776,0.278,-1.322,-2.264,-1.882,3.098,4.216,1.468,-1.615,0.38500000000000023
1456,麥寮潮位站,2008,12,2008-12-01,2.153,1.957,1.715,0.224,-1.394,-2.293,-2.114,3.109,4.25,1.499,-1.643,0.19599999999999995
1456,麥寮潮位站,2009,1,2009-01-01,2.144,2.017,1.644,0.134,-1.437,-2.254,-2.105,3.081,4.271,1.543,-1.621,0.12700000000000022
1456,麥寮潮位站,2009,2,2009-02-01,2.197,2.03,1.696,0.199,-1.302,-2.117,-1.856,2.998,4.147,1.535,-1.536,0.16700000000000026
1456,麥寮潮位站,2009,3,2009-03-01,,1.935,,,,-1.924,,,3.859,1.513,-1.519,
1456,麥寮潮位站,2009,4,2009-04-01,2.042,1.795,1.718,0.286,-1.244,-2.044,-1.753,2.962,3.839,1.439,-1.516,0.2469999999999999
1456,麥寮潮位站,2009,5,2009-05-01,2.158,1.799,1.734,0.343,-1.228,-2.116,-1.742,2.962,3.915,1.422,-1.559,0.359
1456,麥寮潮位站,2009,6,2009-06-01,2.354,1.881,1.849,0.422,-1.179,-2.182,-1.905,3.028,4.063,1.474,-1.6,0.4730000000000001
1456,麥寮潮位站,2009,7,2009-07-01,2.27,2.002,1.86,0.403,-1.216,-2.191,-1.929,3.076,4.193,1.495,-1.612,0.26800000000000024
1456,麥寮潮位站,2009,8,2009-08-01,2.408,2.036,1.961,0.473,-1.14,-2.103,-1.688,3.1,4.139,1.48,-1.586,0.3719999999999999
1456,麥寮潮位站,2009,9,2009-09-01,2.398,1.972,1.997,0.499,-1.072,-1.876,-1.482,3.069,3.848,1.478,-1.554,0.42600000000000016
1456,麥寮潮位站,2009,10,2009-10-01,2.267,1.806,1.895,0.367,-1.209,-1.879,-1.661,3.104,3.685,1.455,-1.532,0.46099999999999985
1456,麥寮潮位站,2009,11,2009-11-01,1.998,1.762,1.844,0.213,-1.47,-2.041,-1.77,3.314,3.803,1.474,-1.587,0.236
1456,麥寮潮位站,2009,12,2009-12-01,1.996,1.868,1.664,0.164,-1.403,-2.183,-1.958,3.067,4.051,1.531,-1.656,0.1279999999999999
1456,麥寮潮位站,2010,1,2010-01-01,1.999,2.181,1.648,0.085,-1.536,-2.288,-2.124,3.183,4.469,1.605,-1.681,-0.18199999999999994
1456,麥寮潮位站,2010,2,2010-02-01,1.999,2.15,1.678,0.145,-1.352,-2.25,-1.985,3.03,4.4,1.562,-1.563,-0.1509999999999998
1456,麥寮潮位站,2010,3,2010-03-01,1.998,2.172,1.633,0.156,-1.306,-2.116,-1.81,2.939,4.288,1.559,-1.546,-0.17400000000000015
1456,麥寮潮位站,2010,4,2010-04-01,1.987,1.929,1.687,0.223,-1.306,-1.927,-1.726,2.993,3.856,1.442,-1.515,0.05800000000000005
1456,麥寮潮位站,2010,5,2010-05-01,1.999,1.651,1.694,0.305,-1.25,-1.895,-1.663,2.944,3.546,1.41,-1.541,0.3480000000000001
1456,麥寮潮位站,2010,6,2010-06-01,2.0,1.741,1.719,0.323,-1.251,-2.016,-1.696,2.97,3.757,1.441,-1.577,0.2589999999999999
1456,麥寮潮位站,2010,7,2010-07-01,1.994,1.958,1.757,0.365,-1.176,-2.147,-1.744,2.934,4.105,1.506,-1.6,0.03600000000000003
1456,麥寮潮位站,2010,8,2010-08-01,1.996,2.118,1.812,0.408,-1.08,-2.168,-1.674,2.892,4.286,1.544,-1.599,-0.12199999999999989
1456,麥寮潮位站,2010,9,2010-09-01,1.997,2.155,1.818,0.391,-1.096,-2.067,-1.45,2.914,4.222,1.529,-1.597,-0.1579999999999997
1456,麥寮潮位站,2010,10,2010-10-01,2.338,2.055,1.865,0.397,-1.135,-2.021,-1.545,3.0,4.076,1.477,-1.584,0.2829999999999999
1456,麥寮潮位站,2010,11,2010-11-01,1.999,1.843,1.785,0.265,-1.312,-2.031,-1.793,3.097,3.874,1.484,-1.598,0.15600000000000014
1456,麥寮潮位站,2010,12,2010-12-01,1.994,1.84,1.747,0.222,-1.369,-2.091,-1.872,3.116,3.931,1.516,-1.601,0.15399999999999991
1456,麥寮潮位站,2011,1,2011-01-01,2.134,2.076,1.648,0.103,-1.449,-2.202,-1.889,3.097,4.278,1.552,-1.608,0.05799999999999983
1456,麥寮潮位站,2011,2,2011-02-01,2.256,2.216,1.734,0.182,-1.361,-2.182,-1.908,3.096,4.398,1.598,-1.579,0.03999999999999959
1456,麥寮潮位站,2011,3,2011-03-01,1.989,2.185,1.63,0.159,-1.311,-2.054,-1.823,2.941,4.239,1.543,-1.532,-0.19599999999999995
1456,麥寮潮位站,2011,4,2011-04-01,2.191,2.001,1.681,0.233,-1.305,-2.09,-1.871,2.986,4.091,1.484,-1.523,0.18999999999999995
1456,麥寮潮位站,2011,5,2011-05-01,2.022,1.818,1.731,0.293,-1.267,-2.025,-1.789,2.998,3.843,1.434,-1.547,0.20399999999999974
1456,麥寮潮位站,2011,6,2011-06-01,2.065,1.666,1.815,0.381,-1.217,-1.924,-1.666,3.032,3.59,1.44,-1.569,0.399
1456,麥寮潮位站,2011,7,2011-07-01,2.257,1.796,1.931,0.442,-1.189,-1.99,-1.572,3.12,3.786,1.499,-1.606,0.4610000000000001
1456,麥寮潮位站,2011,8,2011-08-01,2.658,2.1,2.017,0.49,-1.109,-2.022,-1.527,3.126,4.122,1.579,-1.626,0.5579999999999998
1456,麥寮潮位站,2011,9,2011-09-01,2.607,2.145,2.015,0.463,-1.112,-2.1,-1.549,3.127,4.245,1.583,-1.621,0.4620000000000002
1456,麥寮潮位站,2011,10,2011-10-01,2.492,2.051,1.992,0.391,-1.263,-2.198,-1.784,3.255,4.249,1.562,-1.645,0.44099999999999984
1456,麥寮潮位站,2011,11,2011-11-01,2.23,1.939,1.888,0.326,-1.301,-2.175,-1.938,3.189,4.114,1.516,-1.627,0.2909999999999999
1456,麥寮潮位站,2011,12,2011-12-01,2.057,1.833,1.751,0.192,-1.402,-2.058,-1.932,3.153,3.891,1.507,-1.608,0.22399999999999998
1456,麥寮潮位站,2012,1,2012-01-01,2.149,1.822,1.699,0.131,-1.422,-1.979,-1.943,3.121,3.801,1.526,-1.559,0.32699999999999996
1456,麥寮潮位站,2012,2,2012-02-01,2.212,2.011,1.779,0.203,-1.312,-2.021,-1.852,3.092,4.032,1.566,-1.548,0.20100000000000007
1456,麥寮潮位站,2012,3,2012-03-01,2.4,2.108,1.871,0.351,-1.168,-2.002,-1.642,3.039,4.11,1.519,-1.508,0.2919999999999998
1456,麥寮潮位站,2012,4,2012-04-01,2.29,2.072,1.8,0.379,-1.154,-2.133,-1.748,2.954,4.205,1.494,-1.543,0.21799999999999997
1456,麥寮潮位站,2012,5,2012-05-01,2.209,1.993,1.871,0.429,-1.122,-2.174,-1.806,2.993,4.167,1.49,-1.565,0.21599999999999997
1456,麥寮潮位站,2012,6,2012-06-01,2.323,1.886,1.976,0.464,-1.185,-2.121,-1.719,3.161,4.007,1.509,-1.612,0.43700000000000006
1456,麥寮潮位站,2012,7,2012-07-01,2.375,1.82,1.986,0.462,-1.188,-2.033,-1.792,3.174,3.853,1.518,-1.613,0.5549999999999999
1456,麥寮潮位站,2012,8,2012-08-01,2.659,1.851,2.085,0.5,-1.143,-1.921,-1.5,3.228,3.772,1.536,-1.593,0.8079999999999998
1456,麥寮潮位站,2012,9,2012-09-01,2.529,1.981,2.007,0.471,-1.072,-1.939,-1.403,3.079,3.92,1.544,-1.565,0.5479999999999998
1456,麥寮潮位站,2012,10,2012-10-01,2.486,2.029,1.986,0.449,-1.088,-2.166,-1.626,3.074,4.195,1.549,-1.607,0.4570000000000003
1456,麥寮潮位站,2012,11,2012-11-01,2.295,2.054,1.829,0.32,-1.243,-2.265,-1.802,3.072,4.319,1.547,-1.639,0.2410000000000001
1456,麥寮潮位站,2012,12,2012-12-01,2.224,2.032,1.785,0.253,-1.335,-2.259,-1.927,3.121,4.291,1.556,-1.652,0.19200000000000017
1456,麥寮潮位站,2013,1,2013-01-01,2.288,2.005,1.774,0.185,-1.394,-2.159,-1.975,3.167,4.164,1.583,-1.615,0.2829999999999999
1456,麥寮潮位站,2013,2,2013-02-01,1.758,1.965,1.698,0.285,-1.385,-1.99,-1.385,3.083,3.955,1.563,-1.527,-0.20700000000000007
1456,麥寮潮位站,2013,3,2013-03-01,2.145,1.917,1.797,0.275,-1.201,-1.978,-1.582,2.998,3.895,1.562,-1.528,0.22799999999999998
1456,麥寮潮位站,2013,4,2013-04-01,2.195,1.94,1.823,0.37,-1.161,-2.094,-1.603,2.984,4.034,1.505,-1.551,0.2549999999999999
1456,麥寮潮位站,2013,5,2013-05-01,2.163,1.942,1.847,0.411,-1.158,-2.158,-1.76,3.004,4.1,1.508,-1.595,0.22099999999999986
1456,麥寮潮位站,2013,6,2013-06-01,2.24,1.961,1.859,0.394,-1.184,-2.175,-1.908,3.043,4.136,1.539,-1.612,0.27900000000000014
1456,麥寮潮位站,2013,7,2013-07-01,2.331,1.994,1.907,0.446,-1.14,-2.13,-1.718,3.047,4.124,1.542,-1.6,0.33699999999999997
1456,麥寮潮位站,2013,8,2013-08-01,2.633,1.982,2.003,0.518,-1.054,-1.993,-1.425,3.056,3.975,1.513,-1.567,0.651
1456,麥寮潮位站,2013,9,2013-09-01,2.655,1.904,2.018,0.493,-1.056,-1.792,-1.283,3.074,3.696,1.508,-1.552,0.7509999999999999
1456,麥寮潮位站,2013,10,2013-10-01,2.54,1.837,2.075,0.481,-1.099,-1.92,-1.461,3.174,3.757,1.513,-1.553,0.7030000000000001
1456,麥寮潮位站,2013,11,2013-11-01,2.438,1.924,1.93,0.383,-1.203,-2.121,-1.592,3.134,4.045,1.554,-1.612,0.5140000000000002
1456,麥寮潮位站,2013,12,2013-12-01,2.213,2.021,1.847,0.294,-1.319,-2.245,-1.787,3.166,4.266,1.607,-1.676,0.19200000000000017
1456,麥寮潮位站,2014,1,2014-01-01,2.4,2.13,1.902,0.32,-1.293,-2.154,-1.846,3.195,4.284,1.684,-1.41,0.27
1456,麥寮潮位站,2014,2,2014-02-01,2.399,2.136,1.944,0.385,-1.133,-1.905,-1.752,3.077,4.041,1.674,-1.262,0.2629999999999999
1456,麥寮潮位站,2014,3,2014-03-01,2.433,2.17,1.932,0.394,-0.985,-1.678,-1.629,2.917,3.848,1.763,-1.161,0.2629999999999999
1456,麥寮潮位站,2014,4,2014-04-01,2.263,2.112,1.93,0.528,-0.67,-1.445,-0.729,2.6,3.557,1.785,-1.078,0.1509999999999998
1456,麥寮潮位站,2014,5,2014-05-01,2.225,2.073,1.902,0.546,-0.713,-1.444,-1.518,2.615,3.517,1.823,-1.084,0.15200000000000014
1456,麥寮潮位站,2014,6,2014-06-01,2.215,2.143,1.82,0.36,-1.226,-1.52,-1.739,3.045,3.663,1.842,-1.096,0.07200000000000006
1456,麥寮潮位站,2014,7,2014-07-01,2.22,2.257,1.883,0.399,-1.193,-1.574,-1.84,3.076,3.831,1.87,-1.087,-0.03699999999999992
1456,麥寮潮位站,2014,8,2014-08-01,2.402,2.355,1.891,0.373,-1.192,-1.553,-1.714,3.082,3.908,1.903,-1.038,0.04700000000000015
1456,麥寮潮位站,2014,9,2014-09-01,2.354,2.376,1.906,0.381,-1.179,-1.433,-1.597,3.085,3.809,1.895,-1.031,-0.021999999999999797
1456,麥寮潮位站,2014,10,2014-10-01,2.569,2.264,1.967,0.359,-1.244,-1.43,-1.572,3.211,3.694,1.828,-1.084,0.30500000000000016
1456,麥寮潮位站,2014,11,2014-11-01,2.202,2.104,1.838,0.271,-1.323,-1.63,-1.686,3.162,3.734,1.756,-1.21,0.09799999999999986
1456,麥寮潮位站,2014,12,2014-12-01,2.063,1.987,1.728,0.159,-1.434,-1.823,-2.018,3.162,3.81,1.689,-1.319,0.07600000000000007
1456,麥寮潮位站,2015,1,2015-01-01,,2.173,,,,-1.855,,,4.028,1.747,-1.27,
1456,麥寮潮位站,2015,2,2015-02-01,,2.311,,-0.595,,-1.728,,,4.039,1.811,-1.189,
1456,麥寮潮位站,2015,3,2015-03-01,,2.35,,-0.829,,-1.48,,,3.83,1.821,-1.047,
1456,麥寮潮位站,2015,4,2015-04-01,,2.266,,-0.122,,-1.386,,,3.652,1.83,-0.988,
1456,麥寮潮位站,2015,5,2015-05-01,,2.162,,0.25,,-1.364,,,3.526,1.822,-1.027,
1456,麥寮潮位站,2015,6,2015-06-01,,2.04,,1.022,,-1.367,,,3.407,1.843,-1.087,
1456,麥寮潮位站,2015,7,2015-07-01,,2.115,,1.352,,-1.495,,,3.61,1.905,-1.117,
1456,麥寮潮位站,2015,8,2015-08-01,2.372,2.463,2.021,0.461,-1.151,-1.547,-1.725,3.173,4.01,2.004,-1.097,-0.09100000000000019
1456,麥寮潮位站,2015,9,2015-09-01,2.658,2.487,1.93,0.397,-1.145,-1.404,-1.504,3.075,3.891,2.025,-1.045,0.17099999999999982
1456,麥寮潮位站,2015,10,2015-10-01,2.293,2.401,1.897,0.34,-1.244,-1.555,-1.756,3.141,3.956,1.964,-1.105,-0.10799999999999965
1456,麥寮潮位站,2015,11,2015-11-01,2.177,2.183,1.77,0.218,-1.378,-1.635,-1.891,3.148,3.818,1.829,-1.189,-0.005999999999999783
1456,麥寮潮位站,2015,12,2015-12-01,2.242,1.975,1.744,0.163,-1.415,-1.625,-1.945,3.159,3.6,1.733,-1.272,0.2669999999999999
1456,麥寮潮位站,2016,1,2016-01-01,2.109,2.0,1.728,0.156,-1.408,-1.747,-1.936,3.135,3.747,1.714,-1.276,0.10899999999999999
1456,麥寮潮位站,2016,2,2016-02-01,2.074,2.198,1.663,0.135,-1.398,-1.733,-1.901,3.061,3.931,1.791,-1.184,-0.12400000000000011
1456,麥寮潮位站,2016,3,2016-03-01,,2.37,,,,-1.568,,,3.938,1.829,-1.031,
1456,麥寮潮位站,2016,4,2016-04-01,2.232,2.403,1.772,0.319,-1.188,-1.421,-1.751,2.96,3.824,1.85,-0.974,-0.17099999999999982
1456,麥寮潮位站,2016,5,2016-05-01,2.244,2.281,1.818,0.366,-1.193,-1.437,-1.758,3.011,3.718,1.819,-0.995,-0.03699999999999992
1456,麥寮潮位站,2016,6,2016-06-01,2.136,2.162,1.774,0.319,-1.261,-1.45,-1.752,3.035,3.612,1.826,-1.079,-0.0259999999999998
1456,麥寮潮位站,2016,7,2016-07-01,2.109,2.056,1.835,0.345,-1.259,-1.446,-1.689,3.094,3.502,1.857,-1.121,0.052999999999999936
1456,麥寮潮位站,2016,8,2016-08-01,2.313,2.259,1.972,0.428,-1.173,-1.474,-1.608,3.145,3.733,1.91,-1.121,0.05400000000000027
1456,麥寮潮位站,2016,9,2016-09-01,2.49,2.429,2.008,0.469,-1.095,-1.47,-1.433,3.103,3.899,1.951,-1.095,0.06100000000000039
1456,麥寮潮位站,2016,10,2016-10-01,2.535,2.427,1.963,0.373,-1.202,-1.597,-1.621,3.165,4.024,1.916,-1.128,0.1080000000000001
1456,麥寮潮位站,2016,11,2016-11-01,2.403,2.324,1.9,0.324,-1.281,-1.768,-1.877,3.181,4.092,1.81,-1.234,0.07900000000000018
1456,麥寮潮位站,2016,12,2016-12-01,2.284,2.163,1.795,0.215,-1.394,-1.827,-1.975,3.189,3.99,1.721,-1.324,0.121
1456,麥寮潮位站,2017,1,2017-01-01,2.126,2.009,1.741,0.134,-1.472,-1.698,-1.975,3.213,3.707,1.732,-1.301,0.11699999999999999
1456,麥寮潮位站,2017,2,2017-02-01,2.129,2.182,1.76,0.199,-1.327,-1.46,-1.871,3.087,3.642,1.813,-1.108,-0.052999999999999936
1456,麥寮潮位站,2017,3,2017-03-01,2.282,2.354,1.808,0.261,-1.24,-1.337,-1.646,3.049,3.691,1.928,-0.963,-0.07200000000000006
1456,麥寮潮位站,2017,4,2017-04-01,2.219,2.351,1.769,0.293,-1.219,-1.319,-1.843,2.988,3.67,1.922,-0.88,-0.13200000000000012
1456,麥寮潮位站,2017,5,2017-05-01,2.147,2.266,1.709,0.277,-1.277,-1.401,-1.836,2.986,3.667,1.848,-0.928,-0.11900000000000022
1456,麥寮潮位站,2017,6,2017-06-01,2.18,2.151,1.844,0.392,-1.199,-1.476,-1.805,3.043,3.627,1.79,-1.031,0.02900000000000036
1456,麥寮潮位站,2017,7,2017-07-01,2.24,2.078,1.889,0.432,-1.153,-1.485,-1.711,3.042,3.563,1.775,-1.066,0.16200000000000037
1456,麥寮潮位站,2017,8,2017-08-01,2.527,2.092,1.92,0.459,-1.093,-1.398,-1.525,3.012,3.49,1.774,-1.064,0.43500000000000005
1456,麥寮潮位站,2017,9,2017-09-01,2.224,2.078,1.928,0.453,-1.084,-1.331,-1.374,3.012,3.409,1.778,-1.078,0.14600000000000035
1456,麥寮潮位站,2017,10,2017-10-01,2.454,2.175,2.029,0.47,-1.076,-1.423,-1.361,3.105,3.598,1.746,-1.144,0.27900000000000036
1456,麥寮潮位站,2017,11,2017-11-01,2.451,2.22,1.937,0.34,-1.256,-1.706,-1.706,3.194,3.926,1.714,-1.262,0.23099999999999987
1456,麥寮潮位站,2017,12,2017-12-01,2.341,2.191,1.831,0.252,-1.355,-1.876,-1.889,3.186,4.067,1.709,-1.353,0.15000000000000036
1456,麥寮潮位站,2018,1,2018-01-01,2.368,1.991,1.806,0.216,-1.42,-1.949,-1.955,3.226,3.94,1.631,-1.433,0.3769999999999998
1456,麥寮潮位站,2018,2,2018-02-01,2.218,1.984,1.767,0.201,-1.332,-1.866,-1.939,3.099,3.85,1.604,-1.283,0.23399999999999999
1456,麥寮潮位站,2018,3,2018-03-01,2.221,2.039,1.829,0.296,-1.23,-1.645,-1.753,3.059,3.684,1.673,-1.174,0.18199999999999994
1456,麥寮潮位站,2018,4,2018-04-01,2.129,2.064,1.778,0.343,-1.129,-1.436,-1.571,2.907,3.5,1.718,-1.091,0.06499999999999995
1456,麥寮潮位站,2018,5,2018-05-01,3.927,2.082,1.841,0.349,-1.189,-1.545,-1.662,3.03,3.627,1.742,-1.14,1.8450000000000002
1456,麥寮潮位站,2018,6,2018-06-01,2.402,2.077,1.858,0.423,-1.109,-1.626,-1.728,2.966,3.703,1.739,-1.176,0.3250000000000002
1456,麥寮潮位站,2018,7,2018-07-01,,2.105,,,,-1.645,,,3.75,1.767,-1.164,
1456,麥寮潮位站,2018,8,2018-08-01,2.597,2.195,2.048,0.548,-1.039,-1.595,-1.583,3.087,3.79,1.824,-1.1,0.40200000000000014
1456,麥寮潮位站,2018,9,2018-09-01,2.527,2.257,2.038,0.481,-1.098,-1.5,-1.603,3.136,3.757,1.854,-1.085,0.27
1456,麥寮潮位站,2018,10,2018-10-01,2.35,2.213,1.894,0.341,-1.252,-1.443,-1.695,3.147,3.656,1.822,-1.151,0.137
1456,麥寮潮位站,2018,11,2018-11-01,2.137,2.045,1.834,0.278,-1.35,-1.718,-1.823,3.184,3.763,1.734,-1.273,0.09200000000000008
1456,麥寮潮位站,2018,12,2018-12-01,2.273,1.977,1.785,0.21,-1.389,-1.896,-1.915,3.174,3.873,1.641,-1.369,0.29600000000000004
1456,麥寮潮位站,2019,1,2019-01-01,2.268,2.018,1.823,0.235,-1.36,-1.961,-2.062,3.183,3.979,1.601,-1.39,0.25
1456,麥寮潮位站,2019,2,2019-02-01,2.303,2.116,1.809,0.247,-1.326,-1.87,-1.929,3.134,3.986,1.61,-1.327,0.18699999999999983
1456,麥寮潮位站,2019,3,2019-03-01,2.359,2.155,1.761,0.301,-1.185,-1.646,-1.651,2.947,3.801,1.598,-1.17,0.20400000000000018
1456,麥寮潮位站,2019,4,2019-04-01,2.14,2.113,1.739,0.312,-1.18,-1.517,-1.528,2.919,3.63,1.655,-1.111,0.027000000000000135
1456,麥寮潮位站,2019,5,2019-05-01,2.175,2.003,1.82,0.381,-1.126,-1.51,-1.526,2.945,3.513,1.669,-1.112,0.1719999999999997
1456,麥寮潮位站,2019,6,2019-06-01,2.01,1.874,1.823,0.4,-1.167,-1.502,-1.669,2.99,3.376,1.698,-1.168,0.13599999999999968
1456,麥寮潮位站,2019,7,2019-07-01,2.211,1.941,1.926,0.429,-1.218,-1.575,-1.794,3.144,3.516,1.764,-1.178,0.2699999999999998
1456,麥寮潮位站,2019,8,2019-08-01,2.508,2.331,2.044,0.459,-1.17,-1.618,-1.715,3.214,3.949,1.893,-1.153,0.17700000000000005
1456,麥寮潮位站,2019,9,2019-09-01,2.535,2.478,1.983,0.405,-1.186,-1.527,-1.612,3.169,4.005,1.977,-1.093,0.05699999999999994
1456,麥寮潮位站,2019,10,2019-10-01,2.437,2.413,2.02,0.359,-1.295,-1.607,-1.595,3.315,4.02,1.96,-1.15,0.02400000000000002
1456,麥寮潮位站,2019,11,2019-11-01,2.406,2.085,2.051,0.492,-1.128,-1.749,-1.623,3.179,3.834,1.811,-1.258,0.3210000000000002
1456,麥寮潮位站,2019,12,2019-12-01,2.401,1.881,2.062,0.471,-1.181,-1.741,-1.66,3.243,3.622,1.664,-1.369,0.5199999999999998
1456,麥寮潮位站,2020,1,2020-01-01,2.509,1.925,2.084,0.516,-1.115,-1.838,-1.617,3.2,3.763,1.592,-1.338,0.5839999999999999
1456,麥寮潮位站,2020,2,2020-02-01,2.671,2.133,2.114,0.589,-0.956,-1.849,-1.515,3.07,3.982,1.639,-1.259,0.5379999999999998
1456,麥寮潮位站,2020,3,2020-03-01,2.615,2.282,2.014,0.528,-0.979,-1.75,-1.463,2.992,4.032,1.681,-1.175,0.3330000000000002
1456,麥寮潮位站,2020,4,2020-04-01,2.52,2.291,1.979,0.532,-0.981,-1.699,-1.401,2.959,3.99,1.694,-1.143,0.2290000000000001
1456,麥寮潮位站,2020,5,2020-05-01,2.448,2.198,1.895,0.477,-1.064,-1.707,-1.639,2.959,3.905,1.682,-1.116,0.25
1456,麥寮潮位站,2020,6,2020-06-01,2.3,2.055,1.941,0.493,-1.119,-1.617,-1.707,3.061,3.672,1.731,-1.13,0.24499999999999966
1456,麥寮潮位站,2020,7,2020-07-01,2.288,2.047,1.995,0.521,-1.11,-1.462,-1.522,3.105,3.509,1.816,-1.107,0.24099999999999966
1456,麥寮潮位站,2020,8,2020-08-01,2.547,2.329,2.087,0.574,-1.072,-1.473,-1.47,3.159,3.802,1.91,-1.078,0.21799999999999997
1456,麥寮潮位站,2020,9,2020-09-01,2.594,2.507,2.101,0.581,-1.009,-1.504,-1.416,3.11,4.011,1.957,-1.083,0.08699999999999974
1456,麥寮潮位站,2020,10,2020-10-01,2.728,2.473,2.181,0.594,-0.975,-1.744,-1.488,3.155,4.217,1.902,-1.161,0.25500000000000034
1456,麥寮潮位站,2020,11,2020-11-01,2.467,2.252,1.944,0.335,-1.216,-1.956,-1.786,3.16,4.208,1.759,-1.299,0.2150000000000003
1456,麥寮潮位站,2020,12,2020-12-01,2.265,2.024,1.791,0.265,-1.328,-1.962,-1.819,3.119,3.986,1.633,-1.387,0.2410000000000001
1456,麥寮潮位站,2021,1,2021-01-01,1.995,2.057,1.702,0.133,-1.476,-1.722,-2.001,3.178,3.779,1.729,-1.329,-0.06199999999999983
1456,麥寮潮位站,2021,2,2021-02-01,2.135,2.198,1.684,0.142,-1.4,-1.711,-1.824,3.084,3.909,1.701,-1.24,-0.06300000000000017
1456,麥寮潮位站,2021,3,2021-03-01,2.284,2.25,1.762,0.197,-1.316,-1.697,-1.798,3.078,3.947,1.728,-1.197,0.03399999999999981
1456,麥寮潮位站,2021,4,2021-04-01,2.268,2.208,1.817,0.328,-1.203,-1.689,-1.764,3.02,3.897,1.691,-1.13,0.05999999999999961
1456,麥寮潮位站,2021,5,2021-05-01,2.426,2.137,1.827,0.381,-1.207,-1.644,-1.817,3.034,3.781,1.691,-1.097,0.28900000000000015
1456,麥寮潮位站,2021,6,2021-06-01,2.205,2.109,1.845,0.405,-1.205,-1.572,-1.751,3.05,3.681,1.75,-1.083,0.09600000000000009
1456,麥寮潮位站,2021,7,2021-07-01,2.544,2.151,1.929,0.471,-1.118,-1.517,-1.66,3.047,3.668,1.842,-1.075,0.39300000000000024
1456,麥寮潮位站,2021,8,2021-08-01,2.247,2.179,1.926,0.458,-1.127,-1.441,-1.568,3.053,3.62,1.892,-1.086,0.06800000000000006
1456,麥寮潮位站,2021,9,2021-09-01,2.309,2.34,1.942,0.482,-1.071,-1.455,-1.428,3.013,3.795,1.89,-1.111,-0.030999999999999694
1456,麥寮潮位站,2021,10,2021-10-01,2.551,2.392,2.016,0.483,-1.095,-1.586,-1.391,3.11,3.978,1.826,-1.138,0.15900000000000025
1456,麥寮潮位站,2021,11,2021-11-01,2.431,2.307,1.939,0.391,-1.227,-1.819,-1.758,3.166,4.126,1.785,-1.217,0.12400000000000011
1456,麥寮潮位站,2021,12,2021-12-01,2.371,2.209,1.916,0.345,-1.288,-1.9,-1.839,3.204,4.109,1.754,-1.287,0.16199999999999992
1456,麥寮潮位站,2022,1,2022-01-01,2.301,2.222,1.902,0.329,-1.32,-1.819,-1.99,3.222,4.041,1.912,-1.28,0.07900000000000018
1456,麥寮潮位站,2022,2,2022-02-01,2.361,2.285,1.868,0.305,-1.242,-1.691,-1.794,3.11,3.976,1.9,-1.162,0.07600000000000007
1456,麥寮潮位站,2022,3,2022-03-01,,2.342,,,,-1.479,,,3.821,1.891,-1.095,
1456,麥寮潮位站,2022,4,2022-04-01,2.339,2.285,1.891,0.39,-1.133,-1.572,-1.697,3.024,3.857,1.835,-1.043,0.053999999999999826
1456,麥寮潮位站,2022,5,2022-05-01,2.212,2.207,1.831,0.376,-1.19,-1.622,-1.828,3.021,3.829,1.81,-1.086,0.0050000000000003375
1456,麥寮潮位站,2022,6,2022-06-01,2.25,2.163,1.882,0.462,-1.129,-1.643,-1.786,3.011,3.806,1.833,-1.113,0.08700000000000019
1456,麥寮潮位站,2022,7,2022-07-01,2.386,2.245,1.986,0.535,-1.103,-1.621,-1.709,3.089,3.866,1.924,-1.124,0.14100000000000001
1456,麥寮潮位站,2022,8,2022-08-01,2.468,2.376,2.007,0.542,-1.05,-1.553,-1.638,3.057,3.929,2.022,-1.102,0.09200000000000008
1456,麥寮潮位站,2022,9,2022-09-01,2.444,2.41,1.991,0.474,-1.103,-1.424,-1.512,3.093,3.834,2.04,-1.101,0.03399999999999981
1456,麥寮潮位站,2022,10,2022-10-01,2.103,2.352,1.712,0.214,-1.322,-1.619,-1.816,3.034,3.971,1.988,-1.151,-0.24899999999999967
1456,麥寮潮位站,2022,11,2022-11-01,2.068,2.296,1.663,0.124,-1.506,-1.784,-1.986,3.169,4.08,1.906,-1.198,-0.22799999999999976
1456,麥寮潮位站,2022,12,2022-12-01,2.019,2.259,1.58,0.083,-1.397,-1.849,-2.0,2.977,4.108,1.878,-1.232,-0.23999999999999977
1456,麥寮潮位站,2023,1,2023-01-01,2.109,2.287,1.534,0.043,-1.446,-1.897,-1.966,2.98,4.184,1.818,-1.303,-0.17799999999999994
1456,麥寮潮位站,2023,2,2023-02-01,2.143,2.391,1.634,0.076,-1.501,-1.761,-1.999,3.134,4.152,1.874,-1.272,-0.24800000000000022
1456,麥寮潮位站,2023,3,2023-03-01,2.073,2.395,1.535,0.071,-1.416,-1.504,-1.85,2.951,3.899,1.822,-1.072,-0.32200000000000006
1456,麥寮潮位站,2023,4,2023-04-01,2.047,2.277,1.595,0.158,-1.341,-1.492,-1.715,2.936,3.769,1.818,-1.053,-0.22999999999999998
1456,麥寮潮位站,2023,5,2023-05-01,2.149,2.112,1.826,0.421,-1.109,-1.487,-1.549,2.935,3.599,1.8,-1.061,0.03699999999999992
1456,麥寮潮位站,2023,6,2023-06-01,2.135,2.053,1.91,0.488,-1.098,-1.499,-1.568,3.008,3.552,1.848,-1.124,0.08199999999999985
1456,麥寮潮位站,2023,7,2023-07-01,2.245,2.201,1.984,0.526,-1.11,-1.57,-1.73,3.095,3.771,1.924,-1.132,0.04400000000000004
1456,麥寮潮位站,2023,8,2023-08-01,2.819,2.457,2.094,0.549,-1.108,-1.582,-1.629,3.202,4.039,2.031,-1.111,0.3620000000000001
1456,麥寮潮位站,2023,9,2023-09-01,2.83,2.59,2.141,0.593,-1.003,-1.476,-1.311,3.144,4.066,2.067,-1.055,0.2400000000000002
1456,麥寮潮位站,2023,10,2023-10-01,2.571,2.556,1.944,0.388,-1.211,-1.622,-1.681,3.155,4.178,2.01,-1.12,0.015000000000000124
1456,麥寮潮位站,2023,11,2023-11-01,2.055,2.218,1.765,0.288,-1.299,-1.711,-1.737,3.064,3.929,1.876,-1.211,-0.1629999999999998
1456,麥寮潮位站,2023,12,2023-12-01,2.074,2.083,1.692,0.207,-1.398,-1.73,-1.848,3.089,3.813,1.8,-1.303,-0.009000000000000341
1456,麥寮潮位站,2024,1,2024-01-01,2.122,2.109,1.69,0.181,-1.391,-1.96,-1.964,3.081,4.069,1.7,-1.402,0.0129999999999999
1456,麥寮潮位站,2024,2,2024-02-01,2.19,2.33,1.753,0.236,-1.288,-1.992,-1.994,3.041,4.322,1.768,-1.327,-0.14000000000000012
1456,麥寮潮位站,2024,3,2024-03-01,2.27,2.425,1.76,0.298,-1.179,-1.831,-1.74,2.939,4.256,1.784,-1.243,-0.1549999999999998
1456,麥寮潮位站,2024,4,2024-04-01,2.29,2.351,1.79,0.382,-1.125,-1.761,-1.65,2.914,4.112,1.75,-1.168,-0.06099999999999994
1456,麥寮潮位站,2024,5,2024-05-01,2.17,2.21,1.775,0.393,-1.15,-1.706,-1.7,2.925,3.916,1.747,-1.128,-0.040000000000000036
1456,麥寮潮位站,2024,6,2024-06-01,2.19,2.094,1.882,0.489,-1.057,-1.559,-1.49,2.939,3.653,1.849,-1.098,0.09600000000000009
1456,麥寮潮位站,2024,7,2024-07-01,2.71,2.295,2.014,0.572,-1.008,-1.479,-1.41,3.022,3.774,1.943,-1.092,0.41500000000000004
1456,麥寮潮位站,2024,8,2024-08-01,2.43,2.5,2.017,0.556,-1.04,-1.56,-1.62,3.056,4.06,1.978,-1.098,-0.06999999999999984
1456,麥寮潮位站,2024,9,2024-09-01,2.74,2.545,2.098,0.595,-0.985,-1.557,-1.32,3.083,4.102,1.956,-1.137,0.19500000000000028
1456,麥寮潮位站,2024,10,2024-10-01,2.52,2.406,1.986,0.459,-1.068,-1.817,-1.76,3.053,4.223,1.846,-1.199,0.11399999999999988
1456,麥寮潮位站,2024,11,2024-11-01,2.51,2.177,1.89,0.341,-1.265,-1.964,-1.82,3.155,4.141,1.708,-1.312,0.33299999999999974
1456,麥寮潮位站,2024,12,2024-12-01,1.99,1.986,1.699,0.174,-1.456,-1.938,-1.98,3.155,3.924,1.654,-1.399,0.0040000000000000036
1456,麥寮潮位站,2025,1,2025-01-01,2.01,2.035,1.713,0.169,-1.447,-1.931,-1.95,3.16,3.966,1.63,-1.461,-0.025000000000000355
1456,麥寮潮位站,2025,2,2025-02-01,2.13,2.248,1.634,0.128,-1.396,-1.927,-1.91,3.03,4.175,1.682,-1.374,-0.11800000000000033
1456,麥寮潮位站,2025,3,2025-03-01,2.45,2.365,1.831,0.275,-1.253,-1.911,-1.79,3.084,4.276,1.768,-1.362,0.08499999999999996
1456,麥寮潮位站,2025,4,2025-04-01,2.39,2.285,1.868,0.385,-1.178,-1.888,-1.76,3.046,4.173,1.743,-1.288,0.10499999999999998
1456,麥寮潮位站,2025,5,2025-05-01,2.33,2.229,1.883,0.47,-1.094,-1.7,-1.7,2.977,3.929,1.766,-1.202,0.10099999999999998
1456,麥寮潮位站,2025,6,2025-06-01,2.39,2.185,2.0,0.582,-1.022,-1.49,-1.48,3.022,3.675,1.861,-1.078,0.20500000000000007
1456,麥寮潮位站,2025,7,2025-07-01,2.58,2.269,2.155,0.687,-0.916,-1.341,-1.3,3.071,3.61,1.982,-0.984,0.31099999999999994
1456,麥寮潮位站,2025,8,2025-08-01,2.43,2.405,2.003,0.556,-1.001,-1.33,-1.39,3.003,3.735,2.021,-0.99,0.025000000000000355
1456,麥寮潮位站,2025,9,2025-09-01,2.56,2.509,2.046,0.587,-0.965,-1.417,-1.27,3.011,3.926,1.956,-1.104,0.051000000000000156
1456,麥寮潮位站,2025,10,2025-10-01,2.48,2.448,1.935,0.456,-1.097,-1.79,-1.62,3.033,4.238,1.799,-1.245,0.03200000000000003
1456,麥寮潮位站,2025,11,2025-11-01,2.47,2.254,1.859,0.329,-1.279,-2.032,-1.87,3.138,4.286,1.69,-1.399,0.2160000000000002
1456,麥寮潮位站,2025,12,2025-12-01,2.27,2.083,1.891,0.333,-1.313,-2.092,-1.96,3.204,4.175,1.641,-1.469,0.18699999999999983
